TU15-D1,TU15-D2,SM12-D2,TU28-D1,TU28-D2,TU28-D3,TU27-D1,TU27-D2,TU27-D3,TU5-D2,TU7-D1
SMU13564_20240328_014912.wav,SMU13564_20240329_004927.wav,SMU13587_20240404_001737.wav,SMU13375_20240328_042647.wav,SMU13375_20240329_015415.wav,SMU13375_20240330_014610.wav,SMU13372_20240328_055809.wav,SMU13372_20240329_012118.wav,SMU13372_20240330_052751.wav,SMU13265_20240416_192611.wav,SMU13587_20240327_025800.wav
SMU13564_20240328_003747.wav,SMU13564_20240329_003406.wav,SMU13587_20240404_054441.wav,SMU13375_20240328_042336.wav,SMU13375_20240329_013110.wav,SMU13375_20240330_002848.wav,SMU13372_20240328_055938.wav,SMU13372_20240329_054646.wav,SMU13372_20240330_030716.wav,,SMU13587_20240327_025343.wav
SMU13564_20240328_013811.wav,SMU13564_20240329_010433.wav,SMU13587_20240404_054653.wav,SMU13375_20240328_194450.wav,SMU13375_20240329_001903.wav,SMU13375_20240330_003231.wav,SMU13372_20240328_043732.wav,SMU13372_20240329_020409.wav,SMU13372_20240330_052708.wav,,SMU13587_20240327_025410.wav
SMU13564_20240328_015637.wav,SMU13564_20240329_012102.wav,SMU13587_20240404_055633.wav,SMU13375_20240328_040611.wav,SMU13375_20240329_012950.wav,SMU13375_20240330_003203.wav,SMU13372_20240328_043935.wav,SMU13372_20240329_030807.wav,SMU13372_20240330_033618.wav,,SMU13587_20240327_025354.wav
SMU13564_20240328_042639.wav,SMU13564_20240329_032109.wav,SMU13587_20240404_054351.wav,SMU13375_20240328_194317.wav,SMU13375_20240329_002127.wav,,SMU13372_20240328_043812.wav,SMU13372_20240329_020403.wav,SMU13372_20240330_054633.wav,,SMU13587_20240327_044206.wav
SMU13564_20240328_015655.wav,SMU13564_20240329_030416.wav,SMU13587_20240404_055608.wav,SMU13375_20240328_202452.wav,SMU13375_20240329_014230.wav,,SMU13372_20240328_004633.wav,SMU13372_20240329_012136.wav,SMU13372_20240330_030724.wav,,SMU13587_20240327_033223.wav
SMU13564_20240328_013714.wav,SMU13564_20240329_005609.wav,SMU13587_20240404_055333.wav,SMU13375_20240328_194131.wav,SMU13375_20240329_051358.wav,,SMU13372_20240328_055634.wav,SMU13372_20240329_040236.wav,SMU13372_20240330_033605.wav,,
SMU13564_20240328_002748.wav,SMU13564_20240329_025436.wav,,SMU13375_20240328_040618.wav,SMU13375_20240329_233630.wav,,SMU13372_20240328_055329.wav,SMU13372_20240329_055316.wav,SMU13372_20240330_050826.wav,,
SMU13564_20240328_001816.wav,SMU13564_20240329_024143.wav,,SMU13375_20240328_190722.wav,SMU13375_20240329_224750.wav,,SMU13372_20240328_000844.wav,SMU13372_20240329_040307.wav,SMU13372_20240330_054717.wav,,
SMU13564_20240328_015809.wav,SMU13564_20240329_005639.wav,,SMU13375_20240328_201813.wav,SMU13375_20240329_223115.wav,,SMU13372_20240328_043717.wav,SMU13372_20240329_055220.wav,SMU13372_20240330_013733.wav,,
SMU13564_20240328_013708.wav,SMU13564_20240329_024219.wav,,SMU13375_20240328_234700.wav,SMU13375_20240329_223137.wav,,SMU13372_20240328_055849.wav,SMU13372_20240329_040222.wav,SMU13372_20240330_055714.wav,,
SMU13564_20240328_015625.wav,SMU13564_20240329_023709.wav,,SMU13375_20240328_190259.wav,SMU13375_20240329_202103.wav,,SMU13372_20240328_190240.wav,SMU13372_20240329_055143.wav,SMU13372_20240330_055734.wav,,
SMU13564_20240328_015757.wav,SMU13564_20240329_023803.wav,,SMU13375_20240328_200358.wav,SMU13375_20240329_223809.wav,,SMU13372_20240328_004258.wav,SMU13372_20240329_010611.wav,SMU13372_20240330_050146.wav,,
SMU13564_20240328_042602.wav,SMU13564_20240329_032208.wav,,SMU13375_20240328_200219.wav,SMU13375_20240329_234811.wav,,SMU13372_20240328_003431.wav,SMU13372_20240329_035621.wav,SMU13372_20240330_055804.wav,,
SMU13564_20240328_042654.wav,SMU13564_20240329_005859.wav,,SMU13375_20240328_200849.wav,SMU13375_20240329_234151.wav,,SMU13372_20240328_055423.wav,SMU13372_20240329_001137.wav,SMU13372_20240330_004432.wav,,
SMU13564_20240328_014826.wav,SMU13564_20240329_005340.wav,,SMU13375_20240328_190403.wav,SMU13375_20240329_224944.wav,,SMU13372_20240328_055905.wav,SMU13372_20240329_055430.wav,SMU13372_20240330_055651.wav,,
SMU13564_20240328_043234.wav,SMU13564_20240329_025852.wav,,SMU13375_20240328_195939.wav,SMU13375_20240329_223634.wav,,SMU13372_20240328_055110.wav,SMU13372_20240329_001146.wav,SMU13372_20240330_055832.wav,,
SMU13564_20240328_014754.wav,SMU13564_20240329_024340.wav,,SMU13375_20240328_194259.wav,SMU13375_20240329_234848.wav,,SMU13372_20240328_000852.wav,SMU13372_20240329_054832.wav,SMU13372_20240330_033116.wav,,
SMU13564_20240328_002821.wav,SMU13564_20240329_025733.wav,,SMU13375_20240328_190209.wav,SMU13375_20240329_222133.wav,,SMU13372_20240328_004625.wav,SMU13372_20240329_055311.wav,,,
SMU13564_20240328_002703.wav,SMU13564_20240329_023933.wav,,SMU13375_20240328_235739.wav,SMU13375_20240329_224736.wav,,SMU13372_20240328_190138.wav,SMU13372_20240329_040337.wav,,,
SMU13564_20240328_042617.wav,SMU13564_20240329_024158.wav,,SMU13375_20240328_055916.wav,SMU13375_20240329_214856.wav,,SMU13372_20240328_190217.wav,SMU13372_20240329_030816.wav,,,
SMU13564_20240328_020433.wav,SMU13564_20240329_025831.wav,,SMU13375_20240328_200737.wav,SMU13375_20240329_222641.wav,,SMU13372_20240328_044740.wav,SMU13372_20240329_214249.wav,,,
SMU13564_20240328_042715.wav,SMU13564_20240329_005706.wav,,SMU13375_20240328_235754.wav,SMU13375_20240329_224843.wav,,SMU13372_20240328_055824.wav,SMU13372_20240329_220949.wav,,,
SMU13564_20240328_015119.wav,SMU13564_20240329_030236.wav,,SMU13375_20240328_190443.wav,SMU13375_20240329_223247.wav,,SMU13372_20240328_055135.wav,SMU13372_20240329_214234.wav,,,
SMU13564_20240328_013826.wav,SMU13564_20240329_025236.wav,,SMU13375_20240328_190314.wav,SMU13375_20240329_222814.wav,,SMU13372_20240328_025802.wav,SMU13372_20240329_221441.wav,,,
SMU13564_20240328_013732.wav,SMU13564_20240329_023721.wav,,SMU13375_20240328_200336.wav,SMU13375_20240329_222440.wav,,SMU13372_20240328_055439.wav,SMU13372_20240329_201435.wav,,,
SMU13564_20240328_002735.wav,SMU13564_20240329_025619.wav,,SMU13375_20240328_190808.wav,SMU13375_20240329_224908.wav,,SMU13372_20240328_043927.wav,SMU13372_20240329_220741.wav,,,
SMU13564_20240328_002932.wav,SMU13564_20240329_052233.wav,,SMU13375_20240328_055730.wav,SMU13375_20240329_223215.wav,,SMU13372_20240328_055120.wav,SMU13372_20240329_201309.wav,,,
SMU13564_20240328_015115.wav,SMU13564_20240329_005236.wav,,SMU13375_20240328_190847.wav,SMU13375_20240329_222116.wav,,SMU13372_20240328_043906.wav,SMU13372_20240329_234358.wav,,,
SMU13564_20240328_002632.wav,SMU13564_20240329_031631.wav,,SMU13375_20240328_055907.wav,SMU13375_20240329_223148.wav,,SMU13372_20240328_031229.wav,SMU13372_20240329_221107.wav,,,
SMU13564_20240328_002648.wav,SMU13564_20240329_025221.wav,,SMU13375_20240328_055637.wav,SMU13375_20240329_234124.wav,,SMU13372_20240328_190318.wav,SMU13372_20240329_234616.wav,,,
SMU13564_20240328_002607.wav,SMU13564_20240329_032414.wav,,SMU13375_20240328_055649.wav,SMU13375_20240329_223323.wav,,SMU13372_20240328_055149.wav,SMU13372_20240329_201326.wav,,,
SMU13564_20240328_002718.wav,SMU13564_20240329_010413.wav,,SMU13375_20240328_195410.wav,SMU13375_20240329_223155.wav,,SMU13372_20240328_050637.wav,SMU13372_20240329_214256.wav,,,
SMU13564_20240328_002804.wav,SMU13564_20240329_031651.wav,,SMU13375_20240328_191942.wav,SMU13375_20240329_220701.wav,,SMU13372_20240328_004710.wav,SMU13372_20240329_215852.wav,,,
SMU13564_20240328_011633.wav,SMU13564_20240329_025749.wav,,SMU13375_20240328_194425.wav,SMU13375_20240329_221610.wav,,SMU13372_20240328_055753.wav,SMU13372_20240329_234340.wav,,,
,SMU13564_20240329_025923.wav,,SMU13375_20240328_055744.wav,SMU13375_20240329_223127.wav,,SMU13372_20240328_040603.wav,SMU13372_20240329_200608.wav,,,
,SMU13564_20240329_005839.wav,,SMU13375_20240328_235722.wav,SMU13375_20240329_224934.wav,,SMU13372_20240328_055736.wav,SMU13372_20240329_055753.wav,,,
,SMU13564_20240329_050708.wav,,SMU13375_20240328_195857.wav,SMU13375_20240329_234133.wav,,SMU13372_20240328_190232.wav,SMU13372_20240329_234438.wav,,,
,SMU13564_20240329_032300.wav,,SMU13375_20240328_200721.wav,SMU13375_20240329_221230.wav,,SMU13372_20240328_043744.wav,SMU13372_20240329_234325.wav,,,
,SMU13564_20240329_025409.wav,,SMU13375_20240328_190837.wav,SMU13375_20240329_221739.wav,,SMU13372_20240328_054922.wav,SMU13372_20240329_230417.wav,,,
,SMU13564_20240329_025147.wav,,SMU13375_20240328_235712.wav,SMU13375_20240329_224809.wav,,SMU13372_20240328_055717.wav,SMU13372_20240329_201720.wav,,,
,SMU13564_20240329_023900.wav,,SMU13375_20240328_190854.wav,SMU13375_20240329_222842.wav,,SMU13372_20240328_054902.wav,SMU13372_20240329_200623.wav,,,
,SMU13564_20240329_005317.wav,,SMU13375_20240328_190247.wav,SMU13375_20240329_222827.wav,,SMU13372_20240328_235138.wav,SMU13372_20240329_055808.wav,,,
,SMU13564_20240329_024303.wav,,SMU13375_20240328_190617.wav,SMU13375_20240329_234642.wav,,SMU13372_20240328_230951.wav,SMU13372_20240329_201254.wav,,,
,SMU13564_20240329_030110.wav,,SMU13375_20240328_190413.wav,,,SMU13372_20240328_235154.wav,SMU13372_20240329_195910.wav,,,
,SMU13564_20240329_052152.wav,,SMU13375_20240328_235831.wav,,,SMU13372_20240328_230627.wav,SMU13372_20240329_221339.wav,,,
,SMU13564_20240329_024649.wav,,SMU13375_20240328_190926.wav,,,SMU13372_20240328_190411.wav,SMU13372_20240329_230436.wav,,,
,SMU13564_20240329_005624.wav,,SMU13375_20240328_190431.wav,,,SMU13372_20240328_225919.wav,SMU13372_20240329_221413.wav,,,
,SMU13564_20240329_025705.wav,,,,,SMU13372_20240328_230131.wav,SMU13372_20240329_055443.wav,,,
,SMU13564_20240329_023834.wav,,,,,SMU13372_20240328_234810.wav,SMU13372_20240329_220900.wav,,,
,SMU13564_20240329_030630.wav,,,,,,SMU13372_20240329_214105.wav,,,
,SMU13564_20240329_024117.wav,,,,,,SMU13372_20240329_214128.wav,,,
,SMU13564_20240329_005358.wav,,,,,,SMU13372_20240329_221454.wav,,,
,SMU13564_20240329_030206.wav,,,,,,SMU13372_20240329_201704.wav,,,
,SMU13564_20240329_030141.wav,,,,,,SMU13372_20240329_214143.wav,,,
,SMU13564_20240329_030307.wav,,,,,,SMU13372_20240329_234426.wav,,,
,SMU13564_20240329_005153.wav,,,,,,SMU13372_20240329_214122.wav,,,
,SMU13564_20240329_010812.wav,,,,,,SMU13372_20240329_234625.wav,,,
,SMU13564_20240329_032344.wav,,,,,,SMU13372_20240329_220917.wav,,,
,SMU13564_20240329_050649.wav,,,,,,SMU13372_20240329_214317.wav,,,
,SMU13564_20240329_005251.wav,,,,,,SMU13372_20240329_201239.wav,,,
,SMU13564_20240329_024204.wav,,,,,,SMU13372_20240329_221229.wav,,,
,SMU13564_20240329_010718.wav,,,,,,SMU13372_20240329_201341.wav,,,
,SMU13564_20240329_030251.wav,,,,,,,,,
,SMU13564_20240329_051744.wav,,,,,,,,,
,SMU13564_20240329_011222.wav,,,,,,,,,
,SMU13564_20240329_005218.wav,,,,,,,,,
,SMU13564_20240329_050935.wav,,,,,,,,,
,SMU13564_20240329_044105.wav,,,,,,,,,
,SMU13564_20240329_010648.wav,,,,,,,,,
,SMU13564_20240329_005447.wav,,,,,,,,,
,SMU13564_20240329_030334.wav,,,,,,,,,
,SMU13564_20240329_024336.wav,,,,,,,,,
,SMU13564_20240329_030644.wav,,,,,,,,,
,SMU13564_20240329_025810.wav,,,,,,,,,
,SMU13564_20240329_024859.wav,,,,,,,,,
,SMU13564_20240329_005307.wav,,,,,,,,,
,SMU13564_20240329_025205.wav,,,,,,,,,
,SMU13564_20240329_025909.wav,,,,,,,,,
,SMU13564_20240329_011226.wav,,,,,,,,,
,SMU13564_20240329_024836.wav,,,,,,,,,
,SMU13564_20240329_024428.wav,,,,,,,,,
,SMU13564_20240329_032227.wav,,,,,,,,,
,SMU13564_20240329_003757.wav,,,,,,,,,
,SMU13564_20240329_003744.wav,,,,,,,,,
,SMU13564_20240329_030322.wav,,,,,,,,,
,SMU13564_20240329_032429.wav,,,,,,,,,
,SMU13564_20240329_003731.wav,,,,,,,,,
,SMU13564_20240329_024420.wav,,,,,,,,,
,SMU13564_20240329_031706.wav,,,,,,,,,
,SMU13564_20240329_052305.wav,,,,,,,,,
,SMU13564_20240329_005741.wav,,,,,,,,,
,SMU13564_20240329_024926.wav,,,,,,,,,
,SMU13564_20240329_052326.wav,,,,,,,,,
